link_media;correct_answer
https://fuoverflow.com/media/ssg104_-_sp_2025_-_fe_3554-webp.87641/full;B
https://fuoverflow.com/media/ssg104_-_sp_2025_-_fe_3554-webp.87642/full;B
https://fuoverflow.com/media/ssg104_-_sp_2025_-_fe_3554-webp.87643/full;D
https://fuoverflow.com/media/ssg104_-_sp_2025_-_fe_3554-webp.87644/full;C
https://fuoverflow.com/media/ssg104_-_sp_2025_-_fe_3554-webp.87645/full;A
https://fuoverflow.com/media/ssg104_-_sp_2025_-_fe_3554-webp.87646/full;B
https://fuoverflow.com/media/ssg104_-_sp_2025_-_fe_3554-webp.87647/full;C
https://fuoverflow.com/media/ssg104_-_sp_2025_-_fe_3554-webp.87648/full;D
https://fuoverflow.com/media/ssg104_-_sp_2025_-_fe_3554-webp.87649/full;D
https://fuoverflow.com/media/ssg104_-_sp_2025_-_fe_3554-webp.87650/full;A
https://fuoverflow.com/media/ssg104_-_sp_2025_-_fe_3554-webp.87651/full;B
https://fuoverflow.com/media/ssg104_-_sp_2025_-_fe_3554-webp.87652/full;AD
https://fuoverflow.com/media/ssg104_-_sp_2025_-_fe_3554-webp.87653/full;C
https://fuoverflow.com/media/ssg104_-_sp_2025_-_fe_3554-webp.87654/full;AD
https://fuoverflow.com/media/ssg104_-_sp_2025_-_fe_3554-webp.87655/full;B
https://fuoverflow.com/media/ssg104_-_sp_2025_-_fe_3554-webp.87656/full;B
https://fuoverflow.com/media/ssg104_-_sp_2025_-_fe_3554-webp.87657/full;B
https://fuoverflow.com/media/ssg104_-_sp_2025_-_fe_3554-webp.87658/full;D
https://fuoverflow.com/media/ssg104_-_sp_2025_-_fe_3554-webp.87659/full;D
https://fuoverflow.com/media/ssg104_-_sp_2025_-_fe_3554-webp.87660/full;C
https://fuoverflow.com/media/ssg104_-_sp_2025_-_fe_3554-webp.87661/full;B
https://fuoverflow.com/media/ssg104_-_sp_2025_-_fe_3554-webp.87662/full;A
https://fuoverflow.com/media/ssg104_-_sp_2025_-_fe_3554-webp.87663/full;A
https://fuoverflow.com/media/ssg104_-_sp_2025_-_fe_3554-webp.87664/full;A
https://fuoverflow.com/media/ssg104_-_sp_2025_-_fe_3554-webp.87665/full;B
